-5.594952310164573728e-01,-4.824100397156814157e-01
-1.891100652997896869e-01,8.857923660641309205e-01
8.045613224135208519e-01,3.481247894114427588e-01
-9.591941964470471760e-01,-8.583956507278605041e-01
-1.991228638955155894e-01,-6.437019061653421748e-01
9.616356021203287252e-01,-2.830312342561869254e-01
-5.909708791932373195e-01,-4.676631878965225031e-01
1.695247468944471869e-02,-8.977242982805440086e-01
-2.650072494821746893e-01,-4.091266944141924711e-02
-9.627392277642778939e-01,6.486846758486397579e-01
-2.643215179838021012e-01,-7.723854522327213701e-01
5.420425668902031369e-01,-3.245088854799278444e-01
-8.786344159768952888e-01,-1.168761933912776385e-01
9.322429732429873273e-01,9.559078319342502184e-01
1.786324956941522935e-01,-1.708017285110310368e-01
5.245570910538885911e-01,-7.839764466824705735e-02
-3.649609644758426974e-01,-6.173697704367018257e-01
5.691413086453533943e-02,-3.903846803105097685e-01
-5.706344214529091019e-01,-6.570748235604941812e-01
-8.816377805921633559e-01,1.092354916982745117e-01
9.381271778747812817e-03,-9.742986304565934841e-01
7.916450862805040067e-01,-8.636955299570310274e-01
2.105121481552978402e-01,-9.685709624149627661e-01
2.608771150049666865e-01,6.886890874907298787e-01
-6.164407018151458750e-01,4.989308707050292835e-01
-3.654691547523329920e-01,-5.042421080171379799e-01
5.287104617080378155e-01,-2.808060865775969805e-01
-8.915677294845039125e-01,-2.161051572394006026e-01
6.572884627353074993e-01,9.497337358000597085e-01
9.224866607427282261e-01,-1.259268385943528301e-01
7.723942990678249743e-01,2.679271987720863724e-01
7.409791101781462164e-01,-9.482870561756684413e-01
5.416583293274170874e-01,-2.024582779317074532e-02
1.631444574237710388e-01,2.372111165994486015e-01
-8.998981441419549032e-01,-8.561647298481751545e-01
-3.116759174546284150e-01,5.493460355014945229e-01
7.832585577975437197e-01,8.977978205736547590e-01
4.724963130220183327e-01,-8.306469553460695820e-01
3.162535178720153883e-01,-3.280049561250168999e-01
-4.792410732900391768e-01,1.258111903957286337e-01
-4.717580756774351070e-01,5.799485427554662564e-01
1.866357525100172943e-01,-5.887841585537831879e-01
-2.603856943611460029e-01,-4.514986064348613937e-01
6.299231226175363574e-01,-7.756062479467507043e-01
3.652986236248390028e-01,-1.854740807775361322e-01
-1.799227226019721737e-01,9.752215341996801623e-01
6.243013718208774154e-01,-5.537152731541110651e-01
-4.202659521966347622e-01,3.696271827641637309e-01
1.735335837132158665e-01,-6.371962963124522261e-02
-1.001085272062267251e+02,-1.990275681563444152e+02
-1.369938677583564015e+02,-9.977230059179655886e-01
-6.217153458950748224e-01,6.938861233987787536e-01
2.746847054559311552e-01,-8.953985279323086743e-01
-8.684313578668159117e-01,1.722253719655197912e-01
-1.994629565163304221e+02,-1.969605494638590812e+02
-1.490681551216692071e+02,-1.996894388685145714e+02
-2.951491240350721910e+02,-2.481205938954857402e+02
-1.004393307360154211e+02,-1.994432819405118664e+02
9.212695499319494274e-01,8.872483139064128999e-01
-6.666389948602655657e-01,2.586520060091701545e-02
8.884157381021555722e-01,-3.968073687121964621e-01
7.915519155233943227e-01,4.079375413087087399e-01
-7.906363606221744611e-01,8.523937619341841465e-01
-2.726762448158331154e+02,-1.986864393351771128e+02
-2.208648531521324685e+02,-1.723853475558719879e+02
-2.083269989852070125e-01,-9.862555928991535836e+01
3.093192214913558225e-01,6.383213818461723754e-01
-1.582563290840739434e-01,2.631690335989267382e-01
5.046581463710786419e-01,-5.131447517815044268e-01
-1.994571769025517369e+02,-1.009376394274104882e+02
-2.597489978402912811e+02,-1.980543548797180051e+02
-9.964291942776110034e+01,-1.986985237776544295e+02
-6.120421392992489995e-01,-6.161538525730159144e-01
-1.704171614760583431e-01,-3.073312968127743794e-01
6.875619428621548845e-01,4.404552308919189585e-01
5.149067501564785765e-02,8.143490712122527508e-01
4.259080255438780771e-01,-6.837256202436909902e-01
-2.238776662429609043e-01,-1.500669308561677351e-01
3.714294238287707550e-02,-2.713711476006792633e-01
-4.896029013467684265e-02,8.332414132981285082e-01
3.751001572012941931e-01,9.980704361420327242e-01
1.008404618529443741e-01,-8.433044278883004008e-01
4.279539965232603826e-02,-3.961075239211169219e-01
2.651980925942143408e-01,6.773510567486653589e-01
-3.020953393868921477e-01,-2.255254236535735313e-01
2.632944712852004265e+00,-4.767097546314622747e+01
-1.211578168235674102e-01,3.135922143060672074e-01
-5.705919910644794424e-01,-6.271030481594539463e-01
-6.220373214248242633e-02,5.828196465010975214e-01
1.975686411165007428e-01,7.218484824220869900e-01
-5.947383984165044524e+01,-1.328729332806012451e+02
2.858620729689027584e+01,-5.880788557743898970e-01
-5.867163961516011028e+01,-1.583805284809557534e+01
9.838106569311817395e+01,-4.677239226279849049e+01
-3.282702904584962056e-01,-5.186002733929486741e-01
-8.443364068251166810e-01,-5.019859234178463137e-01
2.450535241997890967e-01,-3.009928931610166281e-01
-3.921434258003750895e-01,3.712144634517458019e-01
1.734979425949833232e+00,-5.996536961000746846e-01
9.830129927028231407e+01,-1.025786583696128389e+02
-5.715930854375722703e+01,-5.595854440304017885e+01
1.900690325412182302e+00,-4.943512472866737895e-01
2.009276510603577037e-01,-4.366747466467091332e-01
5.139453816434249589e-01,3.022595078196774754e-01
-3.424096873667947794e-01,8.396159450469320440e-01
-2.314980570260267356e+01,-4.822460442666079672e+01
-5.411646581510117926e+01,-1.481434141686760029e+02
-1.501218140980374187e+02,-1.465583599219916664e+02
3.720143304072305313e-01,-5.448871175077627527e-01
-4.744779508804020107e-01,-7.710089088910423438e-01
-7.217179098796235870e-01,9.655303742087426588e-01
-7.406246730615044793e-01,-6.296044740637853909e-01
-5.115856804059697449e-01,-3.663590827085272394e-01
7.815516331426022312e-01,-1.929929629209390374e-01
6.017046751534169680e-01,-8.700581837834384658e-01
7.037639260220329707e-01,-9.303437525935258634e-01
2.190015536166640686e-01,-4.525433209355214093e-01
-2.756901070602544301e-01,-9.409795531279379066e-01
-7.233220193437268630e-01,3.949388860145897073e-01
-8.372117264474741027e-01,-6.582783794711251080e-01
4.621504146587676054e-01,-1.962700102161549776e-01
5.298582106891869259e-02,-6.153704920776070786e-02
7.603919687819937767e-01,-8.130560818912109244e-01
3.282271085809194133e-01,3.167347303052812091e-01
-6.067409171234154908e-01,-5.717430176512361406e-01
-9.890035793151463750e-02,1.363912527295079169e-01
7.038882925821363656e+00,-9.369394820488752273e-01
2.736651541950302402e+01,-4.371923713237713116e-02
-3.548028486668428627e-01,3.578235426364071436e-01
-5.448097071175794781e-02,6.410081980883124420e-01
-2.915745612690008315e-01,-2.415456355440470659e-01
3.646059206138254627e-01,-2.854204534413016248e-01
2.290934406194344852e-02,-3.255987779644895497e-01
-1.230011339498238154e-01,9.664546982149611054e-01
5.856018656926762489e-01,-1.708053230249082510e-01
9.680369621745977327e+01,-5.466253543083789967e-01
6.788730023272653291e-01,-2.395441465634290523e+01
5.916753526094244986e-01,1.308684539746449715e-01
-1.198514540173332144e-01,4.515788326305083533e-01
-8.545157135056355990e-01,7.162207311356019179e-01
-9.101237080012163361e-01,8.841122236565321924e-01
-8.117109953577477111e-01,1.407967542648732140e+00
8.229896200524855487e+00,-4.871009211154557761e-01
-1.996663267071618009e+02,-1.403182095193522230e+02
-8.598012963955552479e-01,9.952151037740939454e-01
3.684943220081586812e-01,-4.987097987372450802e-01
-2.175198376428268965e-01,2.125706316619107028e-01
-4.593018670830273376e-01,4.456428427243683821e-01
5.950045635027700897e-01,1.324214688146161389e-01
1.634245347017688754e-01,5.846902266950291249e-01
-8.136748825593189682e-01,-5.052480496570299628e-02
3.387706143695299321e-01,-7.178488343784159564e-01
-4.871550526443435558e-02,2.030979365526393021e-01
9.910448590272746827e-02,1.602132532235385209e-01
1.651608957466865757e-01,7.808348233694639706e-01
6.853091729795792730e-01,9.722271163074143185e-01
-5.348105254348918258e-01,8.241973459864750939e-01
8.447592096249316729e-01,2.629086407735254927e-01
-3.845481590754253887e-01,-8.727459319864694365e-01
-8.315602021661243626e-01,6.095628550385703281e-01
-7.792089613815136317e-01,-1.241054257469880184e-01
1.298017203749168846e-01,-1.026162721022731983e-01
8.874241725333114061e-01,2.252471674774452204e-01
2.531484584530125925e-01,1.205839370436443403e-01
7.696554390902459186e-01,3.164925945509347027e-01
-4.510643156974432078e-01,-4.443765040586058479e-01
9.340649851050386587e-02,1.123326880028769903e-01
-2.660334321058310802e-01,2.938912381068603530e-02
8.221388262985773743e-02,-1.194435314330155595e-01
6.510236984100741253e-01,-1.197654959981440115e-01
3.405737489224036629e-01,5.794933283719894135e-01
-4.801071986466396435e-01,2.732351759763780308e-01
-6.759555838613979795e-01,-6.524062391897502700e-01
-7.719734046131623284e-01,4.065284496810823711e-01
8.359846084977777814e-01,5.354784137076600281e-01
6.841856884508490388e-02,-9.921751202072937037e-01
-2.061024123341832492e-01,-3.155969196444430303e-01
-1.648377510051761696e-01,9.037791790143872017e-01
-7.305669702142101318e-01,-1.910114701583967012e-01
7.968595766802866187e-01,8.684706369072547893e-02
-3.120521215038616347e-01,-2.224757035368019054e-02
-1.318160923385278682e-01,5.110753520217237167e-01
2.123452069024105437e-01,-7.941800997224124359e-02
1.527475244323206471e-01,-8.405442297186112022e-01
5.830367190810450406e-01,7.450024253388201068e-01
2.597939071555788182e-02,-1.196359141711349494e-01
5.370880079922479844e-01,-4.191505548295257899e-01
9.382371846260297854e-01,-5.285206002810127757e-03
-9.446151713609343137e-01,-4.638984245536776907e-01
5.191557662866259637e-01,3.790902411240684167e-01
4.197243143334383753e-02,-6.795894243940570068e-01
2.781949761529103338e-01,3.719467871233135270e-01
-3.851620102991002437e-01,-4.532820743983390077e-01
8.578436832698344006e-02,-2.149276133276487588e-01
1.857405855734250988e-01,5.600290784804231592e-01
-2.383474988430938080e-01,-1.512516065294100542e-01
-3.959452483537087009e-01,-2.747480149152436990e-01
-9.372534185614371793e-01,7.386379432042258220e-01
-8.833209814394411552e-01,1.678150831121236752e-01
-4.087722291676694208e-01,-1.826160287499580814e-01
4.529507887506818431e-01,-5.690593254126774525e-02
-8.911154140312147476e-01,-4.163834381919218064e-01
-7.506903228645773751e-01,-1.297383445326873996e-01
7.220373969111546497e-01,-5.150021904206860679e-01
-1.608255884864009388e-01,-8.048939764496203519e-01
9.556964421644407182e-01,-7.626580252932135817e-01
-7.324343625954208292e-01,4.811199065957294518e-01
-4.026731297466887849e-01,6.295606337118258011e-01
-7.380180773928370908e-01,-7.505481604015791230e-01
9.994034747575319955e-02,2.948291002876310962e-01
7.053915453790937651e-01,2.166033545007217676e-02
-3.976487998806572666e-01,1.114737212051990500e-01
7.137299077805827618e-01,-6.563503913526633760e-01
-1.683515779445130534e-01,-8.636828073047539966e-01
1.720019428015897578e-01,-5.327058369479900080e-01
9.172475247041833590e-02,3.013109527950668109e-01
4.667568287529721971e-01,-6.613821417173884054e-01
3.498605885133665439e-02,2.728230907596616017e-01
-5.713245640177182505e-01,-7.734344594159479058e-01
5.194627886732983146e-01,-4.353391966685766779e-01
-7.085944965620731839e-01,-9.981793776181100419e-01
3.709383798066743232e-01,-6.096906144153433349e-01
-2.759293967225784350e-02,-8.519628868011330791e-01
3.101558923889673469e-01,-3.883800183347421164e-01
-3.735706928292907847e-01,4.110940238099169974e-02
-4.070046796761224162e-01,7.591857483778263749e-02
3.095382523294709642e-02,-6.579855990910425945e-01
1.799703715534413107e-01,1.730117477854282715e-01
-1.444024483649384294e-01,-1.360139213705247041e-01
-1.817136046080147782e-01,-5.849142380583509659e-01
8.417347198996152358e-01,-7.172080093314205929e-01
2.496334999831670842e-01,-5.546748236242298180e-01
-2.849470608830735330e-01,6.114702782047995999e-01
9.570350608154922778e-01,-9.404263659577811740e-01
5.785483294940245713e-01,-4.195591465377888074e-01
9.823970599176092833e-01,-5.204885322663752589e-01
-3.646876917179320277e-01,2.998314318766626130e-02
-3.805634326278326540e-01,-1.988708980221383094e-01
5.156772003449645592e-01,7.623704450343766759e-01
-4.063745691110685065e-01,2.705174896053168521e-01
-8.023706013768099332e-01,-1.342762892308133615e-01
2.285009817628576023e-01,2.252152730040055673e-01
3.682901267179241600e-01,9.083462020273309623e-01
2.705601985199757031e-01,-4.200804777862292561e-01
-1.253230144107653210e-01,-4.276097527821169919e-01
9.234891113555996345e-01,-1.877254531798751014e-01
-2.156592996183348543e-01,2.438596787037383695e-01
-7.605379316251228428e-01,7.655492715066265497e-01
3.840632396612628785e-01,-6.706493753299214156e-02
-3.425672589650452515e-02,-7.695328900960385354e-02
2.182628457333164462e-01,-9.773130921934831683e-01
-5.217278582113187291e-01,-9.031753675581428720e-01
-4.010066064515394046e-02,-2.407739615984498815e-01
6.764842005630977706e-01,-5.806556000048002097e-02
3.104867581573689250e-02,-9.585465075938379709e-01
5.248455974475223496e-01,-9.549389127535083954e-01
6.572393823921673928e-01,3.572418645943358229e-01
-5.531187873433753843e-01,4.221807019406609296e-01
1.158143556288235398e+00,-6.815090554081928431e-01
-1.669147061963643921e+02,-2.220163857850139948e+02
-8.620869916495237373e-01,5.396234746729107190e-01
-8.408990604928068269e-01,-7.242328140745659670e-01
6.641758157056532053e-01,-3.273444561143901144e-01
-7.453267724034549069e-01,5.752614501585611162e-01
-1.735569766716185427e+02,-2.960516149139165236e+02
-2.475481939465646235e+02,-2.485253302545617089e+02
-1.474125751718862318e+02,-2.411199089837037093e+02
4.319488064696197505e-02,-7.334994898886577630e-01
9.776315099125102437e-01,-9.944919460579950510e+01
-7.152134027506535929e-01,-8.100583334491471277e-01
7.088884764480134493e-01,-1.899229282052954382e-01
1.309326563526469256e+00,-1.735689895149611743e+02
-1.992140593708226106e+02,-1.835671304626204119e+02
-1.621924387860161119e+02,-1.362689093042424986e+02
1.351682193778410035e+00,-2.409886012326786187e+01
8.933566285689145126e-01,4.387460623552357220e-01
-6.731078678832225215e-01,-4.580329461716581285e-02
5.001166989059311341e-01,-6.692279209836646814e-01
8.176314106700577344e-01,-6.454357214571913026e-01
-1.253785613913072439e+02,-9.957865276921201314e+01
-1.446151565609167733e+02,-1.993693776290659514e+02
-1.733753734491854175e+02,-1.989875357393152626e+02
-5.491986885278989927e-01,-4.626970391108242708e-01
-2.289265020452750932e-01,8.444899249852699796e-01
1.581179400597347851e-01,-8.339067738043615119e-01
-7.255633820737514839e-01,-2.148861817121905382e-01
-6.699438881230781462e-01,-6.064872913366068374e-01
4.808754645804067529e-01,-4.746078726033764461e-01
-9.754611543655307138e-01,4.284998047828789680e-01
-9.118580628629224805e-01,-9.855858442297940059e-01
6.563447342536976592e-01,-2.254362063021815299e-01
2.297172279723014299e-01,-7.864280158252630049e-01
4.402485879577950900e-01,-1.270393053836960107e-01
-5.749731254539489633e-01,-8.581249483637698461e-03
-7.784574107237762775e-02,6.967990997273423304e-01
3.669895696590919076e-01,-6.175395803169514419e-01
3.959073979860574521e-01,-4.036849093819094847e-02
2.150309230355267331e-01,3.608118978685093126e-02
-9.198753774604084832e-02,9.010317598105510584e-02
6.302814621700951747e-01,6.134382083348379755e-01
-5.397413943466946584e+00,-1.302998059555167174e+02
2.852315299842393159e+01,-4.760342564420745504e+01
2.483064365643347315e+01,1.163512703820143601e+00
5.856697680199274281e-01,9.545989656125457579e-01
1.021682842794138235e-01,1.468228012786401804e+00
8.141203404497039386e-01,-2.643038022720742841e-01
-9.267270741273042844e+00,-3.593558600842384010e+01
5.601194807044946344e+01,-1.003301012994839709e+02
6.062352459983177511e+01,-9.295911318543227253e+01
9.847797983860908744e+01,2.483442704215647012e+01
-2.575654917238319186e-01,3.745321543992656821e-01
1.842181478146327489e-01,9.046928488607353103e-02
-1.600797247818297464e-01,-6.349931388085179318e-01
-9.566737475867861384e-01,6.687972726459976425e-01
4.243662984276439509e-01,7.220327044070604661e-01
9.817444830896134533e+01,-1.409051938928100967e+01
9.337893109068513553e+00,-4.830225734704401930e+01
-1.941371655633992930e+02,-9.805264568556565052e+01
-7.649736807201625854e-01,-1.574340690912172658e-01
5.494845390537104191e-01,-8.792024917659402306e-02
8.674635072260319379e-01,1.703233381257855950e-01
-2.266993589584327395e-01,-1.956525676383824575e-03
-5.514873655218062165e-01,7.256605934368500765e-01
-1.711377962221362736e+02,-2.564592568504771180e+02
-8.803875070238946776e-01,-5.376435266675705371e-01
-1.052512935385394588e-01,5.009856776185928062e-01
-1.433285442139040633e-01,2.359760573640856673e-01
-6.616181464606198936e-01,-2.715391855251634290e-01
7.974979243676241225e-01,6.291147006044039980e-01
7.954979372926553882e-01,3.992350380173637081e-01
-6.375284425089766671e-02,-5.351528224779742438e-01
-3.189179778496522566e-01,2.359383968205802873e+00
8.614799424041608145e-01,-6.226471207871910885e-01
6.241511182656780399e-01,-9.451044349577175652e-02
5.526848370150170275e-01,-1.529608829896484945e-01
-2.643126746404300675e-01,-3.682485421166425965e-02
-1.625117763414758665e+00,-3.469328386308989565e+01
3.229287838919999132e+01,-2.115696720538610975e+01
1.190773089437255905e-01,-2.820399848747046079e-02
8.539297206642006977e-01,9.362184709743550659e-01
-6.436506469699299071e-01,4.730331917238146389e-01
-6.028833888999876045e-01,2.401471679096107703e-01
-1.928057346021456908e+01,-4.270239446611419076e-01
-3.985912953427204197e-01,1.453654399839451195e+01
7.866654395583971393e+00,-1.222487659204130606e-01
3.621365171618033685e+01,9.814969593277682236e+01
3.447781878591809068e-01,6.983420685235703917e-01
-6.977942754290449301e-01,-8.587557943580770292e-02
-3.266238208297367329e-02,5.353905246006496199e-02
7.976099652416805963e-01,4.358654219156805620e-01
3.354934617819154852e+01,-9.748789966663278239e-01
9.818949634785229819e+01,-1.024467904437716648e+01
1.689862534710612607e+01,-5.816996470152872689e+01
-2.047402780270689249e+01,-1.997365648446606201e+01
8.657742622679904798e-01,9.722069444136198779e-01
-9.422889657875799241e-01,-9.358132831259924345e-01
8.311062441242893506e-01,5.814859563634351414e-01
-4.097670505616559655e-01,5.751136666708898115e-01
-1.768827236762857691e-01,3.112892907135145215e-02
-1.182712932345355625e+02,-8.879649750446236567e+01
-3.734925489328189130e-01,1.034058375471884617e-01
-8.740957316830249013e-01,-3.786926114870505788e-01
2.232201022951796343e-01,-6.813869351429451271e-01
-3.240536696827454044e-01,5.870476707054166354e-01
7.173301773733413711e-01,-2.510430255416147283e-01
-2.916352204094105893e-01,-6.377413031156478063e-01
-6.982240221363227306e-01,-6.672859264854804628e-01
-1.744341135057658754e-02,1.297908827501805806e-01
2.471088783240078524e-01,7.951439445253336569e-01
-8.236623553747222104e-01,6.146896570053448361e-01
-9.798984022221857160e-01,4.283134123617391431e-01
3.562087559004709636e-01,6.534245673160172796e-01
5.123953302397576959e-01,1.169080080696904833e-01
7.959304904367561218e-01,7.145855765899156165e-01
-2.776931595618936655e-02,8.440199226787137299e-02
4.236417160865040277e-01,9.871384079255121069e-01
5.258208021470796023e-01,6.739267790899370336e-01
-2.664790420178175800e-02,8.019267961716138871e-01
4.917057749553890300e-01,1.670197385567193660e-01
7.829469230855039541e-01,-9.656642548803455739e-01
-8.377410877911541931e-01,2.320398764853567997e+00
5.202428861123080672e-01,-8.570070614001548126e-01
7.173988002054658697e-01,7.372869089006774956e-01
-4.953958104044369204e-01,-4.039517722798438015e-01
-3.571279151542534613e-01,-5.323182483668407183e-01
-2.463165755152767478e-01,-9.134509141873969895e-03
2.541636914947311698e-01,3.343357217634324030e-02
5.750286841418703609e-01,9.379498126804637348e-01
-8.479380052835399084e-01,1.881628490833597844e-01
3.523894743470988189e+00,-4.462360600274259781e+01
-5.495912369287487831e-01,6.844697992657930996e-01
-3.797611907990994240e-02,2.532871506453888699e-01
-9.635117313610952472e-01,2.976756144178525076e-01
-3.722525758396810769e-01,-7.729798239989078557e-01
-2.575532554506851923e-01,6.081074945290259048e-01
-9.753511582323555729e+01,-5.184185324000806361e+01
1.910627297926548174e-02,-7.973441013668747246e-01
3.864409098160093148e-01,-2.087056699314511210e-01
9.169320327312220353e-01,8.508951184764088627e-01
5.032397080170418757e-01,-4.080434738777507508e-01
9.228229371175369344e-01,4.602731549382181875e-01
2.498932898200112440e-01,-4.794819198589701514e-01
1.337744707958872237e-01,-7.006364571752325965e-01
3.620012375241621339e-01,-9.629687392055774620e-01
-8.503211971559927473e-01,-8.798558038687274152e-01
-6.343051313655403423e-01,-8.997763839562373800e-01
-5.791685038861127399e-01,-4.606095228316506862e-01
-9.842010214744509877e-01,1.664620943210621817e-01
-6.465430360778152696e-01,9.697680613426342688e-01
6.179579018940444257e-01,7.664633651240797541e-01
6.018823872586536172e-01,3.858437971518784426e-01
8.841123318182384505e-01,5.283474599054582832e-01
-2.324829924323941199e-01,2.509690009873075667e-01
-3.065535334545397284e-01,-4.598462491943531294e-01
5.206422761402307309e-02,9.090679715546778894e-02
9.380099086069615399e-01,-4.927059206306967365e-01
-8.493599321142719649e-01,-5.572512206840711801e-01
2.615462408587991838e-01,9.129622206018785935e-01
-2.070239692611621773e-01,6.453256309721984163e-01
-5.282408765235007131e-01,-8.414678772591526190e-01
-2.632984588180731222e-03,-3.906543605020567078e-01
3.395342986007918729e-01,3.742893897623720267e-01
-9.716079950248139863e-01,-2.905660643278997757e-01
9.598600467438394013e-01,8.068987830778739934e-01
6.446599918282658326e-01,3.781135381083493563e-01
3.581045525480264224e-02,-6.257896011413623949e-01
3.058644179085610038e-01,-3.308537511092191075e-01
-5.232601619523240544e-01,-7.614822051535243830e-01
-6.984812898906362921e-01,-7.154553524682365495e-01
8.117970474282509841e-01,6.204082096624752296e-01
4.728255270084755768e-01,-1.272041365166365345e-01
-9.386479426393816716e-01,5.136268470397726826e-01
-2.565424615233888872e-01,-3.575015791812383714e-01
-3.922699413391406154e-03,8.280102812203280482e-01
-1.690601414024588411e-01,-6.810058490743475801e-01
2.867028457581723977e-01,6.444367086289481961e-02
6.642524024426814666e-01,5.402265134893033949e-01
7.791339767276004302e-01,-8.713228168089464099e-01
-3.103210614625724340e-01,-3.800493541460254754e-01
-9.934323155634467994e-01,-1.600617396173462659e-01
1.461909283044302565e-01,7.848670528827206283e-01
1.250976364583982203e-01,4.371954445386172505e-01
-8.663045858093882945e-01,9.470407842965984369e-01
1.242575041522986368e-02,-8.891883260656496812e-01
2.760038437924430266e-01,2.042727146031126928e-01
4.548822078546599368e-01,-8.512060151375644423e-02
6.530044464019573169e-01,5.465682734319368130e-01
3.795384100203598177e-01,4.493386356435991047e-01
-7.323594168203799715e-01,9.680311123201112977e-03
-7.789040880664586108e-01,-8.519773594448496468e-01
-4.043640856194832267e-01,-5.083676468441478136e-02
-9.421329526898549744e-01,-8.070965153610782927e-01
4.458789245122920519e-01,9.186850052995332305e-01
-3.681577778265530121e-01,8.311604028059176308e-01
3.053327604878481871e-01,-1.390344748331946434e-01
6.747955316755041011e-01,-7.918999036435403482e-01
-1.522672195700938147e-01,8.733027467520795284e-01
-6.807903854868464499e-01,4.265761710364450732e-01
-1.604306713043264221e-01,-8.471392885244297677e-01
1.771797242747039647e-01,-3.684144774850055537e-01
4.974830706251978096e-01,-8.783673845339188269e-01
7.106778903297088501e-01,6.426686847110851808e-02
-5.303211481029386221e-01,-7.009579834093351280e-01
4.545676395244140355e-01,-5.874675609308255275e-01
4.235091116088482988e-01,8.938515327613330008e-01
9.712450395337495213e-01,2.624466889056995544e-01
9.951321103697499115e-01,2.547575222051035038e-01
9.810641543740423742e-01,-2.740075535488404324e-01
8.215415321872787668e-01,-3.834982649312952407e-01
-6.974736958586882363e-01,1.649424880823543216e+00
-1.087119880869382715e-01,3.882267318016463520e-02
-2.629714048054954123e-01,1.536395421578584664e-01
8.047894496532639330e-01,-2.903936989151523207e-01
9.561628094543253020e-01,-5.616336610459831125e-01
-1.991274914836085088e+02,-1.233764491250316127e+02
-9.890526919116101112e+01,-2.470571568961539981e+02
1.698011813680974313e+01,-7.316364760412581347e+01
8.912673780799076351e-01,1.545663336315374892e-01
-3.406101715740645908e-01,-6.096792657252021463e-01
-4.819959953497137128e-01,8.132559913975776489e-01
-8.777815341071004696e-01,-5.941920536153308952e-01
-4.822709873763203348e+01,-9.869923332435986651e+01
-1.966930761502338783e+02,-1.021981278496011214e+02
-1.056995240010723336e+02,-1.340081696027006046e+02
2.319354506382743430e+00,-9.251052579336502824e-01
-8.934366607970938290e-01,3.455223008848089528e-01
-1.998670426609034934e-01,-4.500098658279929609e-01
1.127895170931180857e+00,-2.957380084214566995e-01
7.539099014121386499e-01,4.558051482874105886e-01
-2.518490731328946808e+01,-1.719492618846584548e+02
-1.036421518401669495e+01,-1.096681322565593604e+02
2.774116976465186291e-01,-4.746910643956070430e+01
8.535630770987279181e-01,-6.495874118971158850e-01
-5.061966106971869106e-01,1.498906436786762164e-01
-8.295773789124201159e-01,1.094318244667269457e-01
-8.551312896321738855e-01,-1.165509580517655586e+01
-4.885753914619643723e+01,-4.612142041278720228e+01
4.538889611743106567e-01,-3.208493125383964362e-01
8.799302885577224842e-01,-2.124418527731795070e-01
7.256663100202198624e-01,-9.339985840310767173e-01
1.399170925270776245e-02,8.881590069213534111e-01
-8.357983908470150158e-01,-1.008895402270513220e-01
9.563197887071455128e-01,-7.604406374437018279e-01
-3.835231515168180394e-01,-6.782639989905099309e-01
9.387232249496937353e-01,9.169159455893363120e-01
-6.353759303518480284e-01,-8.908393569608321627e-01
-5.360388529618531628e-01,3.561332215738128859e-01
-3.830862121061346937e-01,-3.645089696747174646e-01
1.930814362120691907e-01,-6.425180524021409934e-01
-1.426514981048987440e-01,-6.018784254186866356e-01
-8.879341802088764268e+01,-2.444085259890536932e+00
-4.158984492476128736e+01,-1.132274214792058586e+02
3.016598545542614929e+01,3.681770596850181487e+00
-4.544423220292512777e-01,-7.948920484727317604e-01
-2.699610290854352890e-01,3.939892291184274864e-01
-2.072968970563959790e-01,-2.078419844089716140e-01
-1.518176917901106826e+01,-1.232434152687690130e+02
2.778652550916368114e+01,-4.571195000964617350e+01
9.085154300459780075e+01,2.519036922299497760e+01
9.834581914435881345e+01,2.116565345451008895e+01
-2.569846459869726818e-01,4.119223495114927580e+00
1.433732978421540238e-01,-8.820487719035157159e-01
2.021787471177367568e-01,-9.648080154991141022e-01
-8.408813977367366466e-01,3.571404780493458020e+01
9.661531118307992472e+01,1.752422577959885786e+01
9.852999196068466858e+01,5.808046666015694370e+01
-7.460461245357356219e+00,-2.340901502208809859e+01
-2.717972993331048315e+01,-9.486746434665580807e+01
6.002011860901315110e-01,7.292979839711772883e-01
6.297258582730078658e-01,5.950228863402782231e-01
2.783287332359737221e+01,-2.465587146761603066e-01
-4.286496222370206333e-02,-8.846090369602954695e-01
9.492466351179636774e+00,-1.689570393167495155e+01
-1.520676030405788026e+01,-9.720528293725126900e+01
-2.920246412191676022e-01,-1.472872445628130578e-01
-8.073889257785602513e-01,-4.657451760265252094e-01
-3.431659740161194794e-01,-1.080605770262628162e-01
8.455664246796097405e-01,-1.582762954742866768e-02
-2.740359624269605998e-01,-3.711136050671899334e-01
-8.818143510552192144e-01,3.846436826046682356e+00
8.227301208725230630e-01,4.401270581734335607e-01
8.750486202143665793e-01,2.128579355109503357e-01
-7.888107119518019683e-01,6.621935364581708061e-01
-7.843577885766688240e-01,3.865716363874573958e-01
-9.508763907903103885e-01,5.382595222585351280e-02
1.383149825632712382e-01,9.570694355700770650e-01
-1.364718077346223302e+00,-1.004916802739997621e+02
-1.793526908951545984e-01,1.681379523066507531e+01
-1.440119511908606320e-01,6.117021482950327993e+01
4.003764671398135633e-02,7.900710796654064616e-01
-7.210459380281197816e-01,-2.004267069517706723e-02
1.709369889752301308e-01,4.055474692888449972e-02
-3.538391819400252558e+01,3.136217355404857798e-02
4.630093222086610893e+00,3.027209886593076149e+01
9.883826676290598812e+01,3.400767747906985505e+01
6.714489790847978590e+00,9.804694325739063743e+01
6.430026112496121105e-01,9.526966799089864324e-02
-3.968845581974089765e-01,-6.352018853347143335e-01
4.890548455207142098e+01,8.858398340199098442e-01
3.292083882243639437e+01,8.551036648002419138e-01
9.853337586267390691e+01,7.854345182001566172e+01
5.737746876687376840e+01,9.831824499754957003e+01
-4.362481666581796702e-01,1.937816767828984155e+01
-3.380024856148390455e+01,-4.139138167608723506e+01
7.714181366659624839e-01,8.599566844586186143e-01
-7.268293642354544115e-01,9.957750908910076859e-01
-9.514048040384630589e-01,5.195715587315056894e+00
1.249025217732131132e+01,6.797709946108810186e+01
-8.383384138148734621e+00,1.785167664731838144e+01
-3.518857388431682409e+01,-1.152013002075174484e+02
-9.231434145026140570e-03,-8.000040319890922014e-01
-4.308803548169082287e-01,-9.929421191048566353e-01
-1.746785881461623280e-01,-2.261313248936991371e-01
3.388581818674187840e-01,4.395270073545658462e-01
-1.731554769833816287e-01,5.250343832433923552e-02
-7.689951008940079102e-01,2.020901780478891574e+00
3.659391859108345191e-01,-7.176357120249938770e-01
4.313968823444191969e-02,-9.100975101961528146e-01
1.243976919040798990e-01,5.894711028017509680e-01
-5.981663275320048268e-01,-3.762909482135472494e-01
9.627653878271593690e-01,-3.796663632451562354e-01
-6.154619079264642689e-01,-1.413383966730601404e-01
4.839558511824291198e-01,8.160244961541154307e-01
-3.754022923265696310e-01,2.228190347329619403e-01
-4.698375803457024436e-01,-5.814103536856607413e-01
-8.997186939139689699e-01,3.374859898682984749e-01
1.853912079505051214e-01,-2.157230224036710275e-02
-8.623427197734754301e-01,4.237195079553370824e-01
5.638735535472707561e-01,4.547936508365269859e+00
-6.768520085870746161e-01,9.677337868525871301e+00
-2.739835564460972872e-01,-5.569907698351559411e-01
-4.542248472287726546e-01,-3.200717830490573679e-01
9.664312224339959290e-01,4.232348979951148227e-01
-6.952769009776895714e-01,5.679495149427145062e-01
1.814920331804126263e-01,8.281822847032862533e-01
-5.507481605343194087e-01,-6.769615220531315369e-01
4.776635421705464069e-01,2.322207332929194568e+00
-2.091880991541506063e+01,-7.142946478899951934e-01
8.702387745692670151e-01,2.496232612006901164e-01
-8.366324840556844666e-01,2.669892529702191375e-01
4.679545262391517912e-01,7.817174033774814124e-01
-9.363527010911532056e-01,3.014518075848027223e-02
9.571836713415100562e-01,3.155766928948069427e-01
3.025627359783267689e+00,7.706688302706083959e-01
7.735268400532206989e-01,2.977967091092317276e-01
-9.620975707562000423e+01,-1.126748192617470323e+01
-4.853227959381720691e-01,3.787880724582601832e-01
3.165529593982012724e-01,-5.578622896208640380e-01
-3.660145520750897052e-01,9.269832991374882258e-01
1.603639038414577112e-01,1.917818272244500299e-01
-4.867640464984142046e-01,5.430156157163590347e-01
-8.839255515409638164e+00,-2.786716799381988707e+01
-2.069662405720278375e-01,7.554787068957520280e-01
-4.806039652688922637e-01,-4.585186103047427242e-01
-3.039228027171523294e-01,3.386752785682438649e-01
8.735569165558825233e-01,-4.521488559904582871e-01
-4.120206098638687919e-01,8.522493428086688194e-01
-1.461576979901013651e-01,-4.480737807915080584e-01
8.103251796443893262e-01,9.581573057353500733e-01
-3.124371427648542365e-01,2.723424196370363148e-01
5.119978093215287185e-01,6.778773954876609054e-01
5.754642130284810531e-01,-5.963109135549684581e-01
2.359370455072995476e-01,-7.410640521448090823e-01
2.031785655556219705e-01,3.764955182690865598e-01
4.607639729559664943e-02,1.394800341051121162e-01
-2.648029025375862044e-01,-4.495164269452738282e-01
1.261117796372022148e-01,5.993759605978259408e-01
-4.454504862184998082e-01,5.031326632439274693e-01
4.942537075785706779e-01,9.281032195594929313e-02
1.521286451612313684e-01,7.299235338057654676e-01
-4.773977900309667177e-01,-8.468063045608760220e-01
-7.530263147462610274e-01,1.401623808960705819e-01
-7.818134780886893953e-01,-9.730649830263915501e-01
1.706161043114047260e-01,9.337721666378806518e-03
-9.790186618851082212e-01,-6.050800551064545729e-01
9.476069347579461066e-01,-1.205341964600279425e-01
4.364320730696844564e-01,-3.383949694431911404e-01
-2.198581910045160903e-01,3.728831571670969680e-01
-1.124988873570742509e-01,-3.156924670267604593e-01
5.626090623421942105e-01,4.296754080011415677e-01
-7.104332157658210800e-01,-9.230332490211434759e-02
7.872913952083830935e-01,5.822236474219510960e-02
2.329106485455345599e-02,-3.971771947428894833e-01
-3.397668813158432055e-01,4.123746448867318115e-01
3.813145183770836333e-01,5.603136711833489603e-01
3.280559604522284012e-01,-2.423321646482510250e-01
-7.426282364838479033e-01,-8.756827947273975177e-01
-7.141390491992665179e-01,-2.008277214910110242e-01
-4.079356769736413035e-01,-5.264549308848591735e-01
8.872163956718743805e-01,9.206915704618587881e-01
5.076081250835118297e-02,-5.656841517192057189e-02
-7.152317947169970491e-01,6.138808024137438757e-01
9.860436537523948886e-01,8.039846333198739092e-01
-3.390457268705455718e-01,-9.793741393573591747e-01
7.979614962094330188e-01,-7.498853584593321298e-01
-1.151335586270518796e-02,-5.636686193768072339e-01
4.813709618184538463e-01,1.727811950811908304e-01
5.171305115250346418e-02,5.368502732889202100e-02
1.081405076497521378e-02,1.653897561347641432e-01
8.068009112910310421e-01,2.359934424343341774e-01
-2.239944577372758872e-01,7.901723614303393095e-01
-1.243952287780418775e-01,6.010950453030758922e-01
-3.885608951917158826e-01,6.117857732189639908e-01
3.458376573238366447e-01,8.563240131585942994e-01
5.660470393885976836e-01,-3.208341283050499815e-01
7.475038835856184782e-02,4.596113491491882197e-01
1.930891859449910264e-01,2.919469853959990591e-01
-1.041147344106312378e-01,-2.178066556791964370e-01
9.117590974228064749e-01,8.324239940512261349e-01
-2.716174602949092964e-01,4.296355645264828826e-01
2.648702861631047067e-01,5.415428136933417846e-01
-1.882070913923437061e-01,4.893078426533845615e-01
3.652306396316713499e-01,5.326983189803569108e-01
-3.454093827459638888e-01,-5.387708019071157928e-02
-2.505616386470428392e-01,5.265778343957268071e-01
1.694225755108254017e-01,-7.928138710663623634e-02
6.189316982203818540e-02,-4.847526098439853826e-01
2.794379295964348753e-01,-1.419487857098398198e-01
-7.788254003037942130e-01,-1.361464850326763454e-01
-1.112486841668387516e-01,1.587363857384636034e-01
-5.765571266399918127e-01,5.862918053497021553e-01
-8.128862921595512159e-01,-6.277929624400417907e-01
-2.585782998742072181e-01,-5.320050643664728796e-01
-9.368106993556557516e-01,4.911999373042621464e-01
-2.214427957744440345e-01,-3.853012122464252176e-01
-5.049606041871439466e-01,1.737142764495844371e+00
-6.576504616386711355e-01,6.065145043619830645e-01
-1.700061047275742698e-01,6.389674673803420468e-01
4.670347007166841813e-02,-2.946176027328828440e-01
-3.137073756750730080e-01,-3.370981258937577607e-01
4.781519927252668722e-01,-6.796553960991966736e-01
1.437771839773973603e+01,-4.740715804236980802e+01
2.955431609046996044e+01,-6.599089497799758419e+01
-9.833947529933400045e-01,2.824058447900512636e-01
2.750540924679079069e-01,-1.278696597869561913e-01
1.647634981284649136e-01,2.949657836700534386e-01
9.244789421427108689e-01,-7.968482795963309773e-01
-8.819416382422420320e-01,-5.581047667824283742e-01
4.038678149407144424e+00,-3.060333152453382777e-01
3.916660689875265433e+01,4.924261148435142843e-01
6.586139338941381816e+00,-4.090024953412012554e-01
-4.814329481414061362e-01,-8.789648840378074812e-01
5.280878454635264951e-01,7.162758659765628977e-01
7.436595842932722800e-01,3.664198625078394222e-01
-6.678538303624197425e-01,-3.778319664592519889e-01
1.547994773471089758e+01,-2.457319372502269061e+01
2.032452180300870825e+00,-2.389103531335485187e+01
-8.090245536573623664e-01,-2.138953668789216334e-01
6.103897342274591242e-01,-4.888099778876804358e-01
5.911849543011700181e-01,-8.740189479760389624e-01
3.455237217480149337e-01,1.936840289569321527e-01
-5.771740552738313657e-01,9.209263343260225554e-01
5.900491804212548708e-01,-9.336368097609124561e-01
-5.905899248407870950e-01,-3.428451551445381718e-01
-7.481510381080498373e-01,1.228176573685173523e-01
-3.194603961589417285e-01,4.129660649252979709e-01
-2.297713853497940217e-01,5.268516839244079542e-01
3.039204294786037597e-01,8.655493711578339244e-01
5.632137096592049197e-02,-3.608887445720521114e-02
-4.432108327977928308e-01,-7.383598960242485632e-01
3.499559176248117076e+00,-8.646780345122332401e-01
1.266273924931889816e+01,-9.468249780254824888e-01
-7.139998656330459603e-02,4.195329158614957699e-02
-6.947627094043546947e-01,8.483632957921907192e-01
5.754819231538663704e-01,-6.533642914828721171e-01
-6.632407634960493237e-01,9.368974769385121082e-01
-1.919219787699667279e+01,-9.938736752397633722e+01
1.067032835918713118e+01,-2.596602119934834008e+01
6.822477947818653377e+01,-9.432087404144969156e+00
-3.838950559061982126e-02,-9.751298898299280982e-01
-4.861237963193951739e-01,-4.105574331260066767e-01
8.221524568987483850e-01,9.443085868776024405e-02
-1.202191916259685058e+02,-6.480347913306452767e+00
-8.414357702510220083e-01,4.998991003106541342e+01
9.860022625340882030e+01,4.336823169872866401e+01
9.846665446792474086e+01,7.709145842670898219e+01
-2.423389245559357530e-01,1.245013412463205782e+01
-2.942411350799090997e+00,-6.492910187252043386e-01
8.467031916359983867e-01,8.555360315294229245e-01
-3.103547466993958892e-01,1.734356894967987728e-01
-1.267287256452813704e-01,9.484235062227780588e+01
6.173108128903872682e+01,9.852500769858504270e+01
-1.564747595578118400e+01,2.114940216566394326e+01
-3.676842462940975054e+01,-9.475656895795358992e+01
9.817399135415447731e-01,-6.835375252218556241e-01
-1.547647973712862335e-01,-4.154188578305559876e-01
-8.779858560554367752e-01,9.339101161965952524e-01
-3.053834037527565215e-01,6.731015665412423132e-01
9.425651063428830412e-02,6.206998269217134379e+00
-1.709417558711442098e+01,-9.312443770912479124e+01
1.759406178473361670e-01,2.899489177074909829e-01
9.593956369251446237e-01,-3.856277814587458774e-01
-2.487716048096353383e-01,4.506399044134978826e-01
-6.799185545411703391e-01,5.655603709610013130e-01
-7.454275762097624103e-01,2.589163368130640297e-01
-2.897211926710108187e-01,-9.232321149915814207e-01
-9.136836428726680115e-01,-4.462235549573706272e+00
2.935577083811549137e+00,8.552084363104617282e-02
2.654773064128321813e-01,-8.741794400540328080e-01
6.799350125651595356e-01,8.707030122980503606e-01
-8.262503588356961970e-01,5.309401694346782552e-01
-4.327519380194708720e-01,9.964632342917754126e-01
-1.632779816227309766e+01,-2.693033190830186108e+00
-4.392306610492430252e+01,4.009383579092663297e+00
4.458293958631696086e-01,6.106486494046907865e+01
-4.767608492387260810e-01,-1.235657251580413174e-02
4.405954509044827105e-01,9.283740181040747164e-01
-2.340912914735842065e-01,8.778833159178900392e-01
-8.852248254714885434e+01,-6.511209206675889760e+00
-8.701041062241094970e-01,2.609001594801016211e+01
4.687247476403334900e+01,9.872605713339703470e+01
2.930942254865238539e+01,9.850145164703125999e+01
4.271872405233143599e-01,6.910652939318597809e-01
1.997704094010338771e+00,-1.799876055273741393e-02
3.192191207884215132e+01,-6.141713819436591670e-01
-9.127607695643717989e-01,8.492165352074719564e+00
-4.795875954941664077e-02,9.882575081915797455e+01
-2.272373612842869761e+00,9.824802731476535200e+01
-4.152403949815566619e+01,-2.662723325234050975e+01
-5.877711804876940960e+01,-1.025258740977301670e+02
4.003141779909720199e-01,4.969750347401191704e-02
3.022229669385079198e-02,-6.594083424254253423e-01
4.475759959692338086e-02,-3.720368174123727112e-01
-3.933122646531446165e-01,4.720404701323600705e+01
-8.863450082870816260e-01,1.728519408269387725e+01
-1.085359161070630876e+02,-1.555910989919127019e+02
6.516113694851122240e-01,-4.042052932431874357e-01
7.574208588882305193e-01,-2.466598125140262443e-01
8.872045674437030183e-01,3.645548263211388917e-01
6.697710411460864321e-01,-6.820900180558049364e-01
1.161206546330459943e-01,4.085517071004722833e-01
-5.544913689068771134e-01,-6.578511452020807670e-01
-7.210417657129959412e-01,9.611851078622151157e-01
-8.766663686498470387e-01,7.305578680074786835e-01
-3.414470977469630242e-02,6.740710757093879568e-01
-4.137565786937231760e-01,4.337428048584965889e-01
4.522826805940958206e-01,-7.352144591165585830e-01
3.186109364192821758e-01,2.229927169753815885e-01
-1.163217070053170232e+02,-4.846981442341328261e+01
-1.217900990986356788e+02,-5.777476864640249232e+01
-3.017999690606576468e-01,5.192488530916110623e-01
9.750983910743018512e-01,-6.379918637343173771e-01
-9.714959801371512160e-01,7.135859404958502239e-01
-6.514662961588610912e-01,-1.334441726415187546e-01
-6.710025581963412478e-01,-9.932476140458075520e+01
-1.047126637535450016e+02,-4.961447997164628276e+01
-6.566148206320647773e+01,-9.825188257120848334e+01
-7.368137331018114189e-01,-8.759467639063438504e-01
2.024758763389336025e-01,5.579815110183914406e-01
-9.800391747440788670e-01,-5.888056920710451614e-01
-4.280373793056095888e-01,-7.960132210443662260e-01
-7.941828332317200090e-01,-2.122630293457516970e-02
-9.286820440926748521e-01,1.982987473060484840e+00
-4.156285882676168342e+01,-1.459529849793735821e+02
-3.474870790824664368e+01,-9.966010913227208334e+01
-1.859920394250290769e+02,-1.849698679284643958e+02
4.252715134638087591e-01,5.193305444184226349e-01
6.221284384689220737e-01,-9.999368284893106473e-01
1.660976567766863088e-01,9.943264673084128979e-02
-5.235796010907847187e-01,7.499377074938251564e-01
-3.108126673096720527e-01,-9.971829983701333333e+01
-2.007890874482706352e+02,-4.507319460865993221e+01
1.866882405897303254e-01,-3.052840873268387600e-01
9.338880945152161495e-02,-5.416380911890046335e-01
-5.187466571406385007e-01,-4.924613816527283472e-01
7.294715264898194995e-01,3.892068045585928004e-02
-9.168816143063818203e-01,4.156024296393394657e-01
-7.381822547504990339e-01,-2.884405079738547872e-01
-8.163125059270239792e-01,-1.423698230746450744e-01
2.157198768874377670e-01,-3.751016584029120970e-02
-6.095060132607499348e-02,3.184596032712339042e-01
-5.576462077449269028e-01,-2.198592705056796603e-01
3.823832354474376860e-01,7.911678586753330134e-01
-4.159705046556030350e-01,1.148852445502812625e-01
3.767119151373778951e-01,8.234055732445821896e-02
-1.895060715453400491e-01,9.305463058572156498e-01
-7.225587173943788244e-01,-8.442020421932787677e-01
-3.096599738575815941e-01,1.284909298691059298e-01
4.641844543430502235e-01,8.157423818105991042e-01
-4.543606657430221407e-01,-2.258588795547165073e-01
8.979006261461197624e-02,-7.430741591759668641e-01
7.508450792958498710e-02,6.551486797439993737e-01
9.664794687298079445e-01,-6.223522884055889826e-01
-4.267207450073691177e-01,-7.539291470015812013e-01
7.176612295640358852e-01,7.589442294242612075e-01
4.200242858504581456e-01,-4.856723901404567112e-01
1.696060583925056431e-01,-1.274320850229322399e-01
-7.439255842729286528e-01,-2.706253393818822683e-01
9.828837862976143036e-01,-8.622687805354958268e-01
4.272331157971698268e-02,1.714212902407075134e-02
8.627099320717110942e-01,-1.405312515182921551e-02
8.945695293344042565e-01,2.539753862282798647e-01
-2.193838034287742822e-02,-8.259994264954180210e-01
-4.039624632383067571e-01,-5.434778806563251852e-01
-8.748496837476411603e-01,-4.726140312301641000e-01
2.298158335964664012e-01,9.713482131111077500e-01
-3.970112417626914247e-01,2.014306057505166336e-02
5.487642275531421365e-01,2.780157005626207045e-01
8.256004285227507289e-01,6.174356121565205413e-01
-7.643096164379497015e-01,-8.991704430916485080e-01
1.797461579090502415e-01,3.301708602710307083e-02
5.939394799085679910e-01,6.146997747235694032e-01
8.439214749616748001e-01,5.192380772304878711e-01
-7.170043826687377830e-02,-2.890550952386519157e-01
4.727883362715399329e-01,6.942798132089653684e-01
9.348866201945427168e-01,-8.563232104729778804e-01
1.135142297987923321e-01,8.949135384235358259e-01
-4.124195845616138723e-01,9.489541818374402915e-02
4.692221367055204873e-02,4.875464880913977783e-01
-8.046198231820893554e-01,-6.157367476768622616e-01
-6.780942948734367537e-01,7.115899754957466516e-01
4.895357415678265323e-01,-5.312737545941503825e-02
-2.303326343446432389e-03,3.924731172789539535e-01
-5.003694370002198522e-01,6.194784231641361494e-01
5.803054011732322603e-01,-9.846660280333490167e-01
-3.138513019777389168e-01,7.486289985595735441e-01
-2.826634503994234215e-01,1.865588154389359321e-01
-9.372744011287714727e-01,5.257000542551615307e-01
-7.164265981810296058e-01,9.194229949027210580e-01
-6.180562813742440653e-01,-1.623738397158680513e-03
-6.685516837028930848e-01,-7.174353292481119304e-01
-5.725074525323115004e-02,-6.923319700481262995e-01
-1.742400405135704489e-01,9.251334535100186329e-02
5.300699405989544033e-01,-5.498840586180744339e-01
1.514480815461407559e-01,-8.485963718642652864e-02
6.411125157706518696e-01,5.327155935240437401e-01
9.569868679083366469e-01,7.836777129480128057e-01
4.713720125013269868e-01,8.877580047118147633e-01
-3.953653901340687948e-01,-7.299390771974740844e-01
1.807106224266501471e-01,-4.141033691268396488e-01
-1.379930852771171779e-02,5.355137085024692656e-01
-7.925119593367007109e-01,5.128645110061180734e-01
-4.009101203072851227e-01,-3.604253090896791800e-01
2.056605339368005048e-01,1.220676392317123771e-01
3.839244061048416867e-01,-1.803190985824261183e-01
-1.098918715800130119e-01,-8.834239318490604287e-01
-2.538043742065674291e-01,5.976726894473991525e-01
-2.149018552998671616e-02,9.318949512056362572e-02
-6.695714892516635430e-02,5.709627788304072471e-01
5.216368879950918913e-01,-7.438826864356606894e-01
5.965925691842592915e-01,-3.573174905729012973e-01
5.823475944652714009e-01,-5.130000840686168573e-01
-6.378640439057845501e-01,-8.005586853041983808e-01
4.036058382270524270e-02,2.693957339140504725e-01
3.507186680049143579e-01,7.532056570662786221e-01
7.308208384495358256e-01,-3.569031278697276655e-02
-6.575524741727054590e-01,-3.535085545139033947e-01
9.240837568112458822e-01,5.102012453975763862e-01
-9.499173111953532755e-01,-9.887211966989806200e-02
-1.766000794069844115e-01,5.108041208693845370e-01
-1.485123136314789871e-01,1.389005822076912722e+01
8.473401827764539540e-01,-5.669687889736947373e-01
-3.271029857116549699e-01,-2.668837238398544809e-01
6.383441615906022548e-01,-1.954455810139570371e-01
3.911217611953261120e+00,-8.034312796915294985e-01
6.885727554218294966e-01,1.174118383227095919e+01
-8.399766625284246224e-01,7.457329194385223792e-01
3.128309754435549817e-01,-6.884165674527058520e-01
9.396954451669310426e-01,-3.307112899271795747e-01
3.622126929049014343e-01,-7.747737138156947090e-01
2.481904391384384123e-01,1.414668470621325280e-01
-5.911886421989769325e-01,9.582767528033855342e-01
-6.505296653928278605e-01,2.844819204079427344e-01
-9.093449017300765380e-01,7.446193523916180279e-01
-5.724843503729610816e-01,-2.503498740270284628e-01
7.094198556682944634e-01,-3.382499335460424916e-01
7.176688772526691462e-01,-5.940921517995123580e-02
-7.130067671114226346e-01,2.276586937960649593e-01
-6.851231850589805106e-01,6.406039658678608362e-02
-1.459760741587454724e-01,-4.091331458492832862e-01
-8.319189998280434040e-01,3.223716417695370318e-01
4.483790746469256128e-01,-9.706490330510713083e-01
-1.605787824483626558e-01,-9.328336622348956109e-01
-9.709158228690939474e-02,8.858026122994764329e-01
-2.115572494712774088e-01,-7.293846796809686506e-01
6.469234311046614394e-01,-6.922705290389277177e-01
-1.851763601899638623e-01,2.387324604166907172e+00
-9.158769982258896381e-01,7.438833925373307565e+00
7.327920951936817140e-02,1.301898167284167851e-01
2.367541588024548727e-01,8.192018400967688851e-01
-8.992669768508667616e-01,-8.416813163926519792e-01
6.198595014418442073e-01,3.209464469580178836e-01
-5.089389822124162066e+01,-1.097329878300455874e+02
-4.325972630988483836e-02,-3.488462842983901524e+00
-4.137330664417592629e+01,6.939973074402513475e+01
-3.694879211661343810e-01,6.038138833689560947e+00
4.049464719326667517e-01,3.142126182457463113e-01
-5.956631074551221872e-02,-5.299513196954674932e-02
-1.212375490993546912e-01,-7.379762296097036600e-01
-3.871401777380942821e-01,8.141248096803477274e-02
-3.948543801466284364e-01,9.860282839571110003e+01
4.680741405121542442e+01,9.838270274142644212e+01
1.983526550176089254e+00,1.504529206257121388e-01
-2.310816607812289547e+01,-5.483232884591413381e+01
9.478339179507171419e-01,2.529802892458035135e-01
-1.053924612712009434e-01,5.331165418197894024e-01
-8.934551419096368186e-01,-2.077989174873460243e-01
-4.730021800917583175e-01,8.784526804659376076e-01
-6.054560857182910816e+00,1.301355197300650701e+01
-4.147351372031045003e+01,-9.792518708722894871e+01
-7.131408753449182125e-01,-5.636442090219007106e-02
-4.835746948260033484e-01,-3.053709896980525418e-01
-8.300809235168848943e-01,-7.627074270520719512e-01
7.644508422387059632e-01,-8.117350379327021859e-01
8.608260876626125935e-01,7.089777330988649151e-01
1.209031431673406765e+00,-8.933895338879578318e-01
-6.422332107427981551e-01,-1.958678903742998578e-01
3.946165126988121497e-01,-3.207085201076500525e-01
-8.696571595325912618e-01,-3.733569885111989173e-01
-9.014261810989574464e-01,-4.009283023952738834e-01
6.277008299464681418e-01,-1.980796312284853755e-01
-3.665216240892021915e-02,-9.016573353751333730e-01
1.017376242370180428e+00,1.332180700767676029e+00
3.965828621472526905e+00,9.655853519959722853e-02
8.085419745468689356e-01,4.249793399797829885e-01
-3.560390236909247719e-01,-9.377775136653421217e-01
-7.662667856818223822e-01,-3.279687751914561744e-02
-7.717730492783096974e-01,-1.845853317330026222e-02
-1.041906170185595926e+02,-3.135813576172268746e+00
-1.472138696672223013e+01,1.448131161345820317e+01
-4.995150969456575041e+01,6.473868504047938188e+01
1.950916499255426206e-01,-2.740339373171833959e-01
-6.234798250950817078e-01,6.332690681367822982e-01
9.583387509760599166e-01,-4.109172613193303736e-01
-6.651052358668751996e-01,5.918028191665984927e-01
-1.294657547215982696e-01,-8.876805857863789839e-02
-1.507719826573157036e+02,9.822695356435474423e+01
-3.518966383224147165e+01,9.812336520796833383e+01
1.599848758703019236e+00,-5.886454790950819138e-01
-9.778840969640791059e+01,-7.876932419511477690e+01
-4.896044586992089886e-01,4.431964089152495845e-01
-8.927454895683428759e-01,-8.167594088883587400e-01
-2.522126447657360160e-01,-3.367058323606042514e-01
6.198097633150487784e-01,1.735194235698078735e-01
-1.196231365807203559e+02,-1.242890411612153230e+02
-8.380112328510949737e+01,-1.036159240783172493e+02
3.848659671327991916e-02,6.299088494419666784e-01
7.854173302467455375e-01,-8.324644386705528643e-01
-7.011412367922966737e-01,6.351975776490537129e-02
7.859775631461816126e-01,-2.165453310669014364e-01
-3.028699600491702171e-01,-4.359321831430100769e-01
-5.291501421957238449e+01,-3.105741282142573390e-01
2.664137805841981788e-02,2.203712247018523307e-01
-4.591174171358816114e-01,-3.121512153829075764e-02
-1.197156248691972902e-01,-7.082622203657351623e-01
6.313613189813662707e-01,6.607572224758428980e-02
-6.699627338087836836e-01,-6.911390997643882539e-01
8.788286964490954478e-01,5.801900756588096453e-01
-9.942994346749161139e+01,7.495009909284524596e-01
3.677070922876297665e-01,-7.077063783411254860e-01
-8.054348443757741727e-02,9.493114404705564890e-01
-3.849372561669293091e-01,-1.026311071522219009e-01
1.458040342695712255e-01,-1.207348512672710150e-01
9.153827646775873905e-01,-4.890026288231048568e-01
-2.992827046317191844e+02,-3.226882757970310536e+02
-1.829374085893427946e+02,-1.587942643273554211e+02
-7.841537855720022154e-01,-1.175533534196682126e+02
1.867153247713053688e-01,-3.653486394631304535e-01
4.962801522541480104e-01,-3.309384108578861117e-02
-3.086484058216472093e-01,2.913646060840600072e-01
1.741834204419130394e-01,2.421273941453325751e-01
2.776825818996073725e-01,-6.446752202666292675e-01
-3.033961862884659695e+02,-1.590472017332601808e+02
-2.947900752619522677e+02,-1.713469817834719322e+02
2.313331304307909564e-01,-9.982760151746137289e-01
-9.536835587538188275e-01,4.042650239130243239e-01
2.512104325618731426e-01,-4.224980081992537606e-01
-4.881748560008634108e-01,-3.334270710881359623e-01
-9.736387590791411029e-01,6.397324137454190041e-01
-9.994596613800538876e+01,-1.228882257979825425e+02
-1.524331249916771185e+02,-2.218066159730343543e+02
-2.745210826012513508e+02,-2.410766909997020662e+02
-2.866600565151282698e-01,1.505613991757261960e-01
2.727292050222238640e-01,2.579268899448505792e-02
-1.241214116183675387e-02,-7.431442568315356212e-01
-4.252484615361065146e-01,9.069325471255496041e-02
-1.136871426450982714e-01,5.851321902731729807e-01
-2.348077301071728300e+02,-1.986154084119577590e+02
-6.166727323299687757e-01,-6.899409278509474053e-01
-3.543836677398273238e-01,3.978582011585927170e-01
-9.832173355045288332e-01,5.012690471484673171e-01
7.297323949670295740e-01,-9.087320894933825777e-02
-9.929063634656101200e-01,-2.259087336382168409e-01
6.212663134601219550e-01,6.515120934921767581e-01
-5.770899560230480230e-01,-9.622986180129762257e-01
2.448630784394136839e-01,-5.440662441058761178e-01
6.460323467805266784e-01,-8.239235057762344105e-01
4.955993885137197630e-01,2.861195812744401490e-01
8.324608436050549010e-01,8.938778403859359845e-01
-9.993137018726057086e-01,-1.332396320741306983e-01
9.263563398496437173e-01,1.796320621709273091e-01
7.774300394808111303e-01,8.561069510630805457e-01
3.697376866841182164e-01,2.958395267517559546e-01
-7.529218963429318290e-01,-3.981129488938697225e-01
-4.542385901667476134e-01,3.969639879988751119e-02
1.912005113546830781e-01,7.835380645925889009e-01
-2.866724747609832313e-01,8.400190026572527113e-01
-2.873741853871687457e-01,-6.124859790727430475e-01
-5.950713383214867314e-01,7.505940386344396309e-01
4.877657757239017844e-01,9.845481430837321746e-01
-1.553929230763348990e-01,6.461115623614421821e-02
-2.689544789962206028e-01,3.853225134548803332e-01
-2.332501443755408133e-02,-2.690458460624733927e-01
7.760320341415549716e-01,7.430373416001150311e-01
-9.874796257226419183e-01,8.775824673357854877e-01
-8.774356888397332188e-01,-3.983102312885573593e-01
-5.575952637292258540e-01,-1.166945568232649055e-01
-6.592104908347262704e-01,-3.482294919199566685e-01
4.115985955771317428e-01,6.740113600567407826e-01
-4.505916922428434557e-01,6.574167709693656825e-01
-4.800058114166603218e-01,-9.149422688408288540e-01
-2.225789938096822684e-01,-9.158016138600855172e-02
8.379334543116563339e-01,-6.830510929365292139e-01
7.010139363350829100e-01,-8.034886902993862989e-01
4.243605273410122614e-01,-9.495950056509860904e-01
7.593828167466587509e-02,-3.504758096944819989e-01
6.000554195449900874e-01,-1.802884919859666368e-01
-1.204904402899542593e-01,4.607397431817426003e-01
6.513038268434532263e-01,7.434294158329255442e-01
8.851722428165864631e-01,8.002240902493247265e-01
1.545768362540798080e-01,4.625166352170806405e-02
-9.989248323336752389e-01,-3.704870500807899703e-01
1.122960094712657231e-01,5.920114506760740802e-01
-6.471184074331626235e-01,-1.282743863793491812e-01
-1.837418250867544067e-01,7.563483383408688976e-01
-7.416182069753383121e-01,1.938660679313453095e-01
7.653877966362929719e-01,3.655812904504673888e-01
8.251083267023662238e-02,-8.736678031244682341e-01
-2.762083761646130231e-01,-2.074531969858293134e-01
5.574783644234118096e-01,-8.745834757596964160e-01
-7.605430671283990307e-01,4.071631189833642139e-01
-1.462828094282524471e-01,7.322634924613433682e-01
9.031243505987298636e-01,7.798038151940909213e-01
-2.051060881087889420e-01,-2.268163985510547320e-01
-6.465239461203315940e-01,-1.666841971338617334e-02
-5.809262716394554271e-01,-8.302197573159000310e-01
3.501824618569724379e-01,-1.296919057912551132e-01
9.466161356618660871e-01,-2.864065607790156065e-01
-2.819558685119134545e-01,-9.558652003667975627e-01
2.276034602880465663e-01,-3.335656674740290484e-01
-1.937824438624276002e-01,2.450650924525437091e-01
4.164884013725826950e-01,6.058335908671168557e-01
4.953122152110056575e-01,6.710037622491762388e-01
-6.755800296533487348e-02,1.041862547115577353e-01
-5.155027364802615697e-01,-9.597003611162409076e-01
-1.027194876330561613e-01,3.222748831875934528e-01
2.089394327051261602e-01,6.390819021992304449e-01
4.403711106807162157e-01,8.918662446149832057e-01
2.724764652933000519e-01,6.338552260359280321e-01
-8.666172548398791697e-01,-2.051153606620157444e-01
-7.750434052851626898e-01,-2.286371594206617619e-01
5.210224172157207345e-01,-8.737217039599527446e-01
4.533772589388735952e-01,-6.621598564818098609e-01
4.690706899253413997e-01,-8.699303169976271288e-01
1.274301916469955387e-02,-1.793235458008604066e-01
-5.280234021941516698e-01,7.918489247614719506e-01
4.763545683017316179e-01,-3.490032669552818323e-01
-7.194217186700033739e-01,8.548560990899058964e-01
8.823120420544663389e-01,9.085827480613335450e-01
9.499700037375378159e-01,9.223610275761042754e-01
-3.936161167216611911e-01,6.316566903421116930e-01
-5.393190917372570059e-01,1.924311562254255037e-02
-8.435625942244846520e-01,6.779651001541702193e-01
8.398908339860775563e-01,-5.650514035792197909e-02
-5.372561773590098788e-01,3.378543101210542687e-01
-8.770229692593356496e-02,-7.577765032757983743e-01
7.112205841834340347e-02,9.857694322636387785e-01
3.310105754288361624e-01,-5.123269942483839046e-01
2.723546088719543956e-01,-5.094437975886949577e-01
-5.822054576556059402e-01,-8.585968823603671307e-01
-4.242857094919532113e-01,-6.176259361066458453e-01
-5.447721970786767454e-01,-1.394276682854944660e-01
-4.053614357532238088e-01,8.017333135875879258e-01
2.318620550950694081e-01,-6.778166273972834333e-01
2.951445189858556972e-01,6.535686868764023494e-02
-6.274511839789980172e-01,1.865864902903351386e-01
6.435782660245923381e-01,-2.634349649109044567e-01
-3.511224450353989113e-01,5.953133560909029676e-02
-9.511277988762996127e-01,5.308182463680235497e-01
8.954003211560082054e-01,9.055010630088133894e-01
7.952225915143864565e-01,-2.658911448992371529e-01
-1.778109331840580509e-01,-2.890647004659387953e-01
-3.292784378384743249e-01,-8.094114400887049143e-01
9.191589380148335042e-01,8.134308194543780068e-01
-2.322725614307825648e-01,-7.230400316379157477e-01
1.807320744769000953e-01,4.843699121281574982e-01
-5.023832347010814825e-01,-4.058564313112043020e-01
-9.934211278539708534e-01,-9.190812110406041402e-01
-1.311067558559098067e-01,-6.857164247841163185e-01
6.264540969340481880e-03,3.620707004755583380e-01
-3.237935690237165876e-01,6.132010210495775215e-01
8.486269911665840215e-01,-4.323723855113388304e-01
-5.654575691727585784e-01,-9.326418604340554452e+01
6.584752306906120900e-01,-2.326271323736190944e-01
-7.968204769699038792e-01,1.402217846765654308e-01
-6.925332465565632312e-01,8.270437517278139694e-01
2.148773714671570190e-02,-5.100899146082988889e-01
9.181430199801650094e-01,8.580929799588530305e-01
6.711692637562356456e-01,4.103584867915230916e+00
-6.080620313401696730e-01,-6.032761274293196863e-01
-3.139690635679119168e+01,2.292735277102126101e+00
6.792117504722650079e-01,4.259840874294700264e+00
-2.406433602140738426e-01,2.275991219220388828e+00
8.675728712794128494e-01,-2.652105929911408033e-02
5.105474457479330930e-01,-3.160990202899389701e-01
-6.776548407775333516e-01,1.818128436223684918e-01
-7.724190226458649278e-02,-4.879121679295961300e-02
-2.333915121712784035e-01,6.540392488678181682e-01
-2.259553031413293311e+01,2.145747814283476274e-01
-4.032559553694606080e+01,-2.879102822556171759e+01
8.333378652229295191e-02,9.859516580948795017e-01
-3.176293939220515838e-01,7.452203457202186687e-01
1.067057285920620657e-01,1.533009489121339719e-01
-8.836722157806742306e-01,-8.941438347895311889e-01
-8.447765788487386907e-01,-4.749901375369514067e-01
-4.188058771746578923e-01,-3.750315614139159948e+01
-4.497033606193800992e-03,-5.301889022181160982e-02
4.931565350934921099e-01,-9.660291496196398153e-01
6.759249970553087294e-01,-4.638638819124782930e-01
-6.655319293449180051e-01,-8.775019530456493744e-01
9.860893466225368886e-01,4.152631163129407721e-01
3.953081016696964323e-01,1.324775166930252102e-01
-7.865328139085769887e-01,-3.871226989976588317e-01
7.198173828238971783e-01,5.291354091858353481e-01
7.300970879086920995e-02,1.745479630114359360e-01
-5.849432599103103758e-01,6.363974751300132127e-01
-4.937665379965523460e-01,7.865213845092904332e-01
-1.916950171171489803e-01,-6.471579330013799147e-01
-1.642327140000603549e+02,-1.251658741066746785e+02
-7.328584238202299161e+01,-4.653657278539282061e+01
-6.236194241557384554e-01,-1.281981128346458831e-01
2.054422316726685072e-01,8.699364938337148523e-01
7.027779157643245789e-01,-2.887342980093876577e-02
-3.333446251105680602e-01,-3.009338572290842784e-02
-9.273727989337396593e+01,-1.546721081549978010e+02
-4.762479490030087703e+01,-1.554618293172617172e+01
-1.430263245942660433e+02,-1.456428096251393640e+02
-2.451325161929031893e+01,5.184239621120825259e-01
-7.278916479439934051e+01,-1.001612653369036963e+02
6.509956821964804075e-01,-3.727009013716057240e+01
9.046882686365436133e-01,-5.920410224688748002e-01
9.252559471045684880e-02,-6.940741005918718010e-01
-1.599947500812790508e+02,-4.893057177663520463e+01
-8.058777040416788395e+01,-1.965999053222083859e+01
-9.710910181234051208e+01,-6.981723581545855950e+01
-1.718559346665586531e+02,-4.572270016104456403e+01
-7.226346862807615512e-01,-3.223842561847423127e-02
4.396257281573716647e-01,-2.460132344528043191e-01
-2.677383582259156292e-01,-7.191911664259511561e-01
9.352343396379421137e-01,1.937015197260083532e-02
-4.633990230472204530e+01,-2.877766446191054328e+01
-4.945389302833950751e+01,-3.283444718354760994e+01
6.867765817218072222e-01,6.578601367372294284e-01
1.927282781680812462e-01,-1.081730732832248965e-01
-2.273729156544928021e-01,-4.006369253072783465e-02
-7.275318590314800993e-01,-9.259244265206167945e-01
1.243207032841604498e-01,4.361585045511717773e-01
8.626549388017252795e-01,-5.121507459392260486e-02
3.727184408486996503e-01,5.052560456583952142e-01
-6.570973134615956113e-01,-1.315598886883151408e-03
-5.555393108802573199e-01,-7.857079550682857239e-01
8.592272757373864422e-01,5.234400964598906469e-02
-3.042349065147083031e-01,-8.582757590256970825e-01
4.764344986942643523e-01,-7.917732807567352538e-01
-2.984625093484011700e+02,-2.346860462468703759e+02
-2.671369266727634795e+02,-2.490826848166232708e+02
-8.821687832197071533e-01,3.074983604410499449e-01
9.048395859069708891e-01,5.444076704745874906e-01
2.699560102034670450e-02,-2.735505949529937197e-01
-8.937900556329312352e-01,-1.074534299575267138e-01
-2.734262468736125129e+02,-3.839133779239768387e+02
1.580323086143196054e-01,2.656462511835906426e-01
-2.984095076462048155e+02,-3.774952174738727422e+02
9.678501519246849316e-01,4.818961323260382290e-01
-2.985372841511771185e+02,-2.004225152712639613e+02
-1.541347031569881842e-01,-1.470688378443143485e-01
-7.192968447389338493e-01,5.175194604516688557e-01
-6.576899173547867683e-02,6.881473242034861215e-01
-3.196174068985502004e+02,-3.552125342652602171e+02
2.140170969439543214e-01,-1.265317072411600066e+02
-1.999728881479227596e+02,-2.986589300657617514e+02
-1.985511179364107477e+02,-1.273217547649468600e+02
-3.580540565038996537e-01,-5.670816222689101238e-01
8.530140751466408489e-02,-1.490138375580924990e-01
6.174907852138395992e-01,-5.325375408432964086e-01
2.659293813671206319e-01,-4.417580948316912615e-01
-2.246622083136219601e+02,-2.331243877573933219e+02
-2.962219158557995797e+02,-2.000608350504435009e+02
-8.562602168225603716e-01,-7.906925762099081822e-01
4.165757783855652541e-01,3.356268723268278631e-01
2.387457632096157134e-01,-8.143614003576959970e-01
2.331803370677583143e-01,5.060861634659130637e-01
9.981961462780704064e-01,-3.120601194178691529e-01
3.587442177944384358e-01,3.444095075816759888e-01
-2.637336898454134548e-02,-9.895939183275150874e-01
6.692533793852968316e-01,2.545165911995292962e-01
5.140909561471844746e-01,-3.831224740974146226e-01
-1.127567441782391100e-01,6.839354211718662313e-02
-3.857765039290315112e-01,7.003247902406377623e-01
-6.442971369488770250e-01,-8.732611581368792120e-01
3.250468510183575077e-01,6.812051322009726739e-01
6.527341463239659802e-01,5.222662309949279713e-01
1.277606633632530908e-01,-6.294722439035043138e-01
8.792911937489720220e-01,9.028180153809111097e-01
-4.822408353777165591e-01,7.265896253034984653e-01
1.859057754723363320e-01,8.469456810526148072e-01
-7.859840146223786572e-01,4.061398675393412816e-01
5.620441824598709779e-02,-6.058544185017955552e-01
2.085331243273165214e-01,-5.058460405667781767e-01
8.730954554552223801e-01,-2.527004831596550982e-01
8.553004828784362967e-01,-1.212101777048237849e-01
8.045072938105570781e-01,2.230196628735530151e-01
-9.743572837443377210e-01,7.988719692727817012e-01
-6.011451222217127910e-01,8.918888598868535134e-01
-5.465344683530901637e-01,-2.543807413621581581e-01
-1.894074495369457711e-01,-5.344932589427122682e-01
3.501260472353036057e-01,2.367840493818049730e-01
-8.628882659571712743e-01,6.458916657110325144e-01
-5.783631739132584215e-01,-2.290344818525391624e-01
-9.822902001935955862e-01,8.811463640819572340e-02
-8.490820581254856503e-01,3.560438341019784847e-01
9.511827201192175618e-01,-5.820600314398034492e-01
4.303794840480588135e-01,4.616635319414834626e-01
6.246713487141488663e-01,7.671859277321277926e-01
-4.587766311768481930e-01,-2.279938139597803559e-01
5.317424714793552720e-01,2.173017126262080101e-01
5.916497267116507253e-01,-3.487071212666892350e-02
-4.623703345915941565e-01,3.548229662144373187e-01
6.199693406070714286e-01,-8.843649762832939132e-01
7.850603226816526004e-01,-8.239336986495948700e-01
-2.324981246825443826e-01,-3.630061017290471259e-01
4.664988445215088042e-01,-7.488945223970802090e-01
-7.543171741094603089e-01,8.960360491202381539e-01
9.506649318144444472e-01,-2.042619957813405218e-01
6.458568934467603384e-01,2.118464462579907615e-01
9.691326797722061848e-01,2.465269845003050797e-01
